<?xml version="1.0" encoding="utf-8"?>
<Parameters>
	<!--CHOOSE WHICH TYPE OF ANALYSIS IS DESIRED-->
	<AnalysisMode>1</AnalysisMode>
	<!--if not explicitly state otherwise the following analyses modes require a collection of specific input files, input file pairs
		they process time series single-grain resolved with timesteps <fid> on the inclusive interval 
		SnapshotFirstSnapshotLast in SnapshotOffset increments
	<!--1 track growth history in parallel via input file pairs of Texture_<fid>.bin surplus Faces_<fid>.bin-->
	<!--2 track growth history sequentially, currently NOT IMPLEMENTED-->
	<!--3 DOCUMENT BETTER sequential loading of a KNN file and a target file to correlate evolution of grain with initial growth prognosis-->
	<!--4 compute unbiased quantitative growth propensity measures, (2d) requires GBContourPoints_<fid>.bin binary input files-->
	<!--5 ... (3d) CURRENTLY MC approximation, pairs of Container_<fid>_size_<edgelength>.raw binary surplus Microstructure_<fid>.uds ASCII file required-->
	<!--6 compute approximate local curvature and related effective capillary driving force terms, (2d) requires GBContourPoints_<fid>.bin-->
	
	<!--GENERAL SPECIFICATION TIMESTEPS fid-->
	<SnapshotFirst>9500</SnapshotFirst>
	<SnapshotOffset>1</SnapshotOffset>
	<SnapshotLast>9500</SnapshotLast>
	<Dimensionality>2</Dimensionality>
	<LargestGrainID>2570000</LargestGrainID>
	<!--largest grain ID ever occurring in the entire dataset, utilize to set up quick access hash tableau-->
	
	<!--PHYSICAL PARAMETER-->
	<HAGBMobility>2.6e-13</HAGBMobility>
	<!--unit:m^4/Js, maximum mobility of grain boundary population utilized in the simulation-->
	<HAGBEnergy>0.324</HAGBEnergy>
	<!--unit:J/m^2, maximum specific free energy of grain boundary population utilized in the simulation-->
	<DislocEnPerM>8.81e-10</DislocEnPerM>
	<!--unit:J/m, fixed temperature elastic line energy of dislocation 0.5Gb^2-->
	<PhysDomainEdgeLength>2.83592616e-3</PhysDomainEdgeLength>
	<!--unit:m, physical length the edge length of the RVE represents-->
 
	<!--ANALYSIS MODE 1 and 2 SPECIFIC SETTINGS-->
	<LocalDatabaseMaximumSize>8.2e9</LocalDatabaseMaximumSize>
	<!--unit:Byte, how much datasets of pairs Texture_<fid>.bin surplus Faces_<fid>.bin to process per MPI rank, works as follows:
		MPI ranks starting at rank 0 collect work by probing file size of TextureFaces binary file pairs and accepting up to local maximum value,
		then passing to next rank, until either 1 all files are already distributed (some ranks therefore may get no work), 2 last rank already
		full by still file pairs to assign (tracking will not start, instead fail, avoid this by utilizing OnlyProbeWorkPartitioning option, or 3
		work will be partitioned, for grain coarsening in general higher numbered ranks will process more but small files-->
	<OnlyProbeTheWorkPartitioning>0</OnlyProbeTheWorkPartitioning>
	<!--quick finetune LocalDatabaseMaximumSize, namely if set to 1 only the work partitioning will be planned but no file entirely loaded nor processed-->
	
	<!-- WHAT TO ANALYZE DURING TRACKING-->
	<AnalyzeGrainSizeQuantiles>0</AnalyzeQuantiles>
	<AnalyzeSEE>0</AnalyzeSEE>
	<AnalyzeMODF>0</AnalyzeMODF>
	<AnalyzeDrivingForceSEE>0</AnalyzeDrivingForceSEE>	
	<AnalyzeMaxSizeGainForward>0</AnalyzeMaxSizeGainForward>
	<AnalyzeApproxRXFraction>0</AnalyzeApproxRXFraction>
	<AnalyzeTrajectoriesForward>0</AnalyzeTrajectoriesForward>
	<AnalyzeTrajectoriesBackward>0</AnalyzeTrajectoriesBackward>
	<AnalyzeAbnormalGrains>0</AnalyzeAbnormalGrains>
	<AnalyzeSizeGainVsMatrixBackward>0</AnalyzeSizeGainVsMatrixBackward>
	<AnalyzeKNN>0</AnalyzeKNN>
	
	<!--the following analyses are undocumented only-->
	<AnalyzeClassicalNucModels>0</AnalyzeClassicalNucModels>
	
		
	<!--ANALYSIS MODE 1/2 SPECIFIC SETTINGS-->
	<AnalyzeTrajectoriesForwardMode>0</AnalyzeTrajectoriesForwardMode>
	<!--(0) auto-detect from dataset, potentially taking all, (1) pre-scribe which to take namely only the IDs from TargetGrainIDs-->
	<MaximumNumberOfKShells>16</MaximumNumberOfKShells>
	<HAGBDetectionThreshold>15.0</HAGBDetectionThreshold>
	<DisoriAngleBinningMin>0.0</DisoriAngleBinningMin>
	<DisoriAngleBinningMax>62.8</DisoriAngleBinningMax>
	<DisoriAngleBinningWidth>0.1</DisoriAngleBinningWidth>
	<!-- 0.1 degrees practical resolution limit for electron-diffraction based techniques-->
	<StoredElasticEnergyBinningMin>1.0e13</StoredElasticEnergyBinningMin>
	<StoredElasticEnergyBinningMax>1.0e16</MaximumStoredElasticBinningMax>
	<StoredElasticEnergyBinningWidth>1.0e12</StoredElasticEnergyBinningWidth>
	<!--one percent of maximum value usually suffices-->
	
	
	<!--ANALYSIS MODE 3 SPECIFIC SETTINGS-->
		
	<!--ANALYSIS MODE 4 and 5 SPECIFIC SETTINGS-->
	<PersistenceRadiusMin>0.04</PersistenceRadiusMin>
	<PersistenceRadiusIncr>0.01</PersistenceRadiusIncr>
	<PersistenceRadiusMax>0.06</PersistenceRadiusMax>
	<InitialDomainEdgeLength>871</InitialDomainEdgeLength>
	<!--required to allow mapping of absolute pixel coordinates for grains about initial locations 
		into relative coordinates on the 0 1 domain when utilizing the GraGLeS solver-->
	<UDSFile>Microstructure.uds</UDSFile>
		
	
	
	<!--ANALYSIS MODE 6 SPECIFIC SETTINGS-->
	<ComputeCurvatureAlsoAtTJP>0</ComputeCurvatureAlsoAtTJP>
	<!--(0) no approximation of a curvature value for a point on the contour that represents or is close to a triple point, (1) do so-->
	<TranslateBinary2GNU>0</TranslateBinary2GNU>
	<!--if switched on (1) each binary is translated into a three column gnu file to enable rendering the microstructure-->
	
	
	<!--SPECIFIC ADDITIONAL FILES depending on analysis mode-->
	<TargetGrainIDs>Targets.dat</TargetGrainIDs>
	<KNNFile>TopoTracer2D3D._SimID.10.KNN.ID.10.csv</KNNFile>
	<GNUFile>Network_Timestep_</GNUFile>
	
	<!--PARALLEL PERFORMANCE best practice and data partitioning relevant settings -->
	<MPIReadBlockLength>10485760</MPIReadBlockLength>
	<!--unit:Byte, how much to read at most in one MPI_File_read I/O call per rank-->
	<MaxIDRange>100</MaxIDRange>
	<!--maximum number of contiguous grain IDs per IDBucket, the smaller the more buckets but the proportionally less time before finding a gID-->
	<MemRegionsX>1</MemRegionsX>
	<MemRegionsY>1</MemRegionsY>
	<MemRegionsZ>1</MemRegionsZ>
	<!--SO FAR UNTESTED EXTENSION of an ADDITIONAL domain decomposition when processing Texture/Faces in parallel-->
	
	<!--NOTES and NOT WELL DOCUMENTED-->
	<DeveloperMode>1</DeveloperMode>
	<!-- if set to 1 much IO and ASCII files to check data consistency, otherwise not-->

	<!-- in GraGeLes the rho is rho * Gbb/gamma*PhysDomainSize-->
	<!--MaxSizeGainFW 0.0 only if grain too close to boundary, otherwise maximum size the grain grew to-->
	<!-- ApproxRXFraction takes all grains with no bnd contact from the SnapshotLast and calculates their volume fraction
		to total volume fraction of grains not touching the boundary per timestep-->
	
</Parameters>
